77000,.,89000,.,66000,66000,120,00,0.006,.,9,1180,27,832000,DIRECCION OFICIAL,766000,766000,2,.,766000,766000,0,2016201011613520384,153557000,766000,6448162,689000,15/04/2016,01/07/2016,.,0,1872340,.,0,142107345,26/01/2016 01:30:57 a.m.,,227.8,.,1,0,0,1,.,.,843000,766000,.,77000,77000,766000,766000,.,61-RESIDENCIALES URBANOS Y RURALES,
40000,.,89000,.,45000,45000,39,42,0.006,.,9,1180,60,447000,SOPORTE PREDIAL,402000,402000,3,.,402000,402000,0,2016201011618586624,89403000,402000,1091885,362000,15/04/2016,01/07/2016,.,0,1415001,.,0,142622201,25/01/2016 08:33:26 p.m.,06/04/2015,55,.,1,0,0,1,.,.,442000,402000,.,40000,40000,402000,402000,.,61-RESIDENCIALES URBANOS Y RURALES,
64000,.,89000,.,0,0,24,65,0.006,.,9,1180,78,641000,SOPORTE PREDIAL,641000,641000,3,.,641000,641000,0,2016201011607623680,121641000,641000,1727306,577000,15/04/2016,01/07/2016,.,0,9676387,.,0,141494928,25/01/2016 09:33:28 p.m.,09/04/2015,67.96,.,1,0,0,1,.,.,705000,641000,.,64000,64000,641000,641000,.,61-RESIDENCIALES URBANOS Y RURALES,
191000,.,149000,.,56000,56000,23,40,0.0075,.,3,1180,49,1962000,,1906000,1906000,4,.,1906000,1906000,0,2016201011620185600,281519000,1906000,.,1715000,15/04/2016,01/07/2016,.,0,3050574,.,0,142801525,26/01/2016 02:41:31 a.m.,,89.1,.,1,0,0,1,.,.,2097000,1906000,.,191000,191000,1906000,1906000,.,61-RESIDENCIALES URBANOS Y RURALES,
14000,.,0,.,44000,44000,1,80,0.008,.,3,1180,68,183000,SOPORTE PREDIAL,139000,139000,0,.,139000,139000,0,2016201011603408384,22818000,139000,1016727,125000,15/04/2016,01/07/2016,.,0,8912789,.,0,141054299,26/01/2016 06:28:35 a.m.,16/03/2015,12.5,.,1,0,0,1,.,.,153000,139000,.,14000,14000,139000,139000,.,65-DEPOSITOS Y PARQUEADEROS,
1481000,.,0,.,0,0,2396,00,0.0065,.,9,1180,76,14812000,SOPORTE PREDIAL,14812000,14812000,0,.,14812000,14812000,0,2016201011615021056,2278720000,14812000,1505720,13331000,15/04/2016,01/07/2016,.,0,639116,.,0,142257929,26/01/2016 06:07:21 a.m.,07/04/2015,1130.3,.,1,0,0,1,.,.,16293000,14812000,.,1481000,1481000,14812000,14812000,.,66-DOTACIONALES,
24000,.,89000,.,195000,195000,75,50,0.006,.,9,1180,17,434000,SOPORTE PREDIAL,239000,239000,3,.,239000,239000,0,2016201011604239872,87108000,239000,2937319,215000,15/04/2016,01/07/2016,.,0,8590633,.,0,141138412,25/01/2016 12:06:55 p.m.,09/04/2015,59.4,.,1,0,0,1,.,.,263000,239000,.,24000,24000,239000,239000,.,61-RESIDENCIALES URBANOS Y RURALES,
12000,0,.,31/12/2016,0,0,,0.002,230000,9,1180,109,115000,,115000,115000,2,230000,115000,115000,.,2016201021600493568,57334000,115000,3602969,103000,15/04/2016,01/07/2016,0,0,9670860,230000,0,140703735,25/01/2016 08:14:34 p.m.,,.,115000,1,0,0,2,115000,242000,127000,115000,12000,12000,12000,115000,115000,.,0,
146000,.,89000,.,0,0,29,70,0.006,.,9,1180,94,1455000,SOPORTE PREDIAL,1455000,1455000,3,.,1455000,1455000,0,2016201011614071296,257265000,1455000,98581,1309000,15/04/2016,01/07/2016,.,0,613143,.,0,142162535,26/01/2016 08:09:27 a.m.,09/04/2015,123.6,.,1,0,0,1,.,.,1601000,1455000,.,146000,146000,1455000,1455000,.,61-RESIDENCIALES URBANOS Y RURALES,
9000,.,0,.,0,0,0,77,0.008,.,3,1180,65,85000,SOPORTE ICA,85000,85000,4,.,85000,85000,0,2016201011612429568,10646000,85000,450094,76000,15/04/2016,01/07/2016,.,0,9685821,.,0,141997023,26/01/2016 12:27:50 a.m.,19/01/2016,10.12,.,1,0,0,1,.,.,94000,85000,.,9000,9000,85000,85000,.,65-DEPOSITOS Y PARQUEADEROS,
64000,.,119000,.,571000,571000,72,00,0.0095,.,9,1180,51,1209000,SOPORTE PREDIAL,638000,638000,0,.,638000,638000,0,2016201011621404928,139786000,638000,1541837,574000,15/04/2016,01/07/2016,.,0,6272942,.,0,142923848,25/01/2016 08:54:46 p.m.,18/03/2015,298.16,.,1,0,0,1,.,.,702000,638000,.,64000,64000,638000,638000,.,62-COMERCIALES URBANOS Y RURALES,
3000,0,.,31/12/2016,0,0,,0.002,54000,9,1180,1,27000,,27000,27000,1,54000,27000,27000,.,2016201021619151360,13525000,27000,2236582,24000,15/04/2016,01/07/2016,0,0,8665252,54000,0,142688673,25/01/2016 06:06:38 p.m.,,.,27000,1,0,0,2,27000,57000,30000,27000,3000,3000,3000,27000,27000,.,0,
54000,.,89000,.,0,0,68,00,0.006,.,9,1180,8,538000,SOPORTE PREDIAL,538000,538000,3,.,538000,538000,0,2016201011600868864,104454000,538000,232853,484000,15/04/2016,01/07/2016,.,0,2438446,.,0,140780026,25/01/2016 09:07:30 p.m.,08/04/2015,58.9,.,1,0,0,1,.,.,592000,538000,.,54000,54000,538000,538000,.,61-RESIDENCIALES URBANOS Y RURALES,
440000,.,0,.,0,0,250,30,0.0065,.,9,1180,8,4396000,DIRECCION OFICIAL,4396000,4396000,0,.,4396000,4396000,0,2016201011620311808,676278000,4396000,629200,3956000,15/04/2016,01/07/2016,.,0,1727256,.,0,142814337,25/01/2016 05:24:18 p.m.,,546.13,.,1,0,0,1,.,.,4836000,4396000,.,440000,440000,4396000,4396000,.,66-DOTACIONALES,
169000,.,149000,.,0,0,24,30,0.0075,.,9,1180,58,1688000,SOPORTE PREDIAL,1688000,1688000,4,.,1688000,1688000,0,2016201011612148224,244941000,1688000,650981,1519000,15/04/2016,01/07/2016,.,0,2922877,.,0,141968346,25/01/2016 09:33:37 p.m.,25/03/2015,74.5,.,1,0,0,1,.,.,1857000,1688000,.,169000,169000,1688000,1688000,.,61-RESIDENCIALES URBANOS Y RURALES,
18000,.,89000,.,458000,458000,122,50,0.006,.,9,1180,9,633000,SOPORTE PREDIAL,175000,175000,2,.,175000,175000,0,2016201011623942912,120406000,175000,1321505,157000,15/04/2016,01/07/2016,.,0,8768927,.,0,143202787,25/01/2016 10:29:33 p.m.,06/05/2015,174.3,.,1,0,0,1,.,.,193000,175000,.,18000,18000,175000,175000,.,61-RESIDENCIALES URBANOS Y RURALES,
146000,.,89000,.,0,0,119,20,0.006,.,9,1180,101,1459000,SOPORTE PREDIAL,1459000,1459000,3,.,1459000,1459000,0,2016201011604017664,258020000,1459000,432057,1313000,15/04/2016,01/07/2016,.,0,1772422,.,0,141116139,26/01/2016 07:48:31 a.m.,09/04/2015,345.3,.,1,0,0,1,.,.,1605000,1459000,.,146000,146000,1459000,1459000,.,61-RESIDENCIALES URBANOS Y RURALES,
63000,.,0,.,0,0,33,88,0.008,.,9,1180,62,627000,SOPORTE PREDIAL,627000,627000,0,.,627000,627000,0,2016201011616371968,78403000,627000,4699995,564000,15/04/2016,01/07/2016,.,0,1244079,.,0,142395068,25/01/2016 04:12:45 p.m.,10/04/2014,33.9,.,1,0,0,1,.,.,690000,627000,.,63000,63000,627000,627000,.,62-COMERCIALES URBANOS Y RURALES,
96000,.,149000,.,0,0,23,30,0.0075,.,9,1180,4,959000,SOPORTE PREDIAL,959000,959000,4,.,959000,959000,0,2016201011600938752,147717000,959000,2029683,863000,15/04/2016,01/07/2016,.,0,9013642,.,0,140787659,25/01/2016 11:02:12 p.m.,30/04/2015,67.8,.,1,0,0,1,.,.,1055000,959000,.,96000,96000,959000,959000,.,61-RESIDENCIALES URBANOS Y RURALES,
0,0,.,31/12/2016,0,0,,0,0,2,1180,120,0,,0,0,1,0,0,0,.,2016201021607893504,7235000,0,180442,0,15/04/2016,01/07/2016,0,0,9823201,0,800,141521939,26/01/2016 08:31:14 a.m.,,.,0,1,0,0,2,0,0,0,0,0,0,0,0,0,.,0,
13000,.,89000,.,519000,519000,96,00,0.006,.,9,1180,101,651000,,132000,132000,2,.,132000,132000,0,2016201011605307904,123254000,132000,.,119000,15/04/2016,01/07/2016,.,0,1131790,.,0,141247819,26/01/2016 07:29:04 a.m.,,220.35,.,1,0,0,1,.,.,145000,132000,.,13000,13000,132000,132000,.,61-RESIDENCIALES URBANOS Y RURALES,
2000,0,.,31/12/2016,0,0,,0.002,48000,9,1180,46,24000,944,24000,24000,2,48000,24000,24000,.,2016201021610821376,11786000,24000,2967367,22000,15/04/2016,01/07/2016,0,0,9152334,48000,0,141831188,26/01/2016 02:12:12 a.m.,,.,24000,1,0,0,2,24000,50000,26000,24000,2000,2000,2000,24000,24000,.,0,
5000,.,0,.,55000,55000,8,83,0.008,.,9,1180,44,104000,SOPORTE PREDIAL,49000,49000,4,.,49000,49000,0,2016201011621938688,12964000,49000,678900,44000,15/04/2016,01/07/2016,.,0,9089298,.,0,142979409,26/01/2016 12:17:15 a.m.,01/04/2015,10.1,.,1,0,0,1,.,.,54000,49000,.,5000,5000,49000,49000,.,65-DEPOSITOS Y PARQUEADEROS,
33000,.,89000,.,151000,151000,45,70,0.006,.,9,1180,27,479000,SOPORTE PREDIAL,328000,328000,3,.,328000,328000,0,2016201011621204224,94608000,328000,303707,295000,15/04/2016,01/07/2016,.,0,1481638,.,0,142903770,25/01/2016 06:56:25 p.m.,19/06/2015,57.2,.,1,0,0,1,.,.,361000,328000,.,33000,33000,328000,328000,.,61-RESIDENCIALES URBANOS Y RURALES,
41000,.,89000,.,0,0,35,77,0.006,.,9,1180,65,412000,DIRECCION OFICIAL,412000,412000,3,.,412000,412000,0,2016201011618791936,83465000,412000,12615627,371000,15/04/2016,01/07/2016,.,0,9102617,.,0,142647035,26/01/2016 04:52:32 a.m.,,55.8,.,1,0,0,1,.,.,453000,412000,.,41000,41000,412000,412000,.,61-RESIDENCIALES URBANOS Y RURALES,
90000,.,149000,.,0,0,20,42,0.0075,.,3,1180,74,900000,SOPORTE PREDIAL,900000,900000,4,.,900000,900000,0,2016201011624442624,139932000,900000,3291670,810000,15/04/2016,01/07/2016,.,0,9383587,.,0,143252817,26/01/2016 02:57:36 a.m.,30/03/2015,53.34,.,1,0,0,1,.,.,990000,900000,.,90000,90000,900000,900000,.,61-RESIDENCIALES URBANOS Y RURALES,
127000,.,149000,.,0,0,37,26,0.0075,.,9,1180,80,1268000,SOPORTE PREDIAL,1268000,1268000,4,.,1268000,1268000,0,2016201011600369920,188943000,1268000,4690370,1141000,15/04/2016,01/07/2016,.,0,9429670,.,0,140691358,26/01/2016 02:04:33 a.m.,20/06/2014,79.24,.,1,0,0,1,.,.,1395000,1268000,.,127000,127000,1268000,1268000,.,61-RESIDENCIALES URBANOS Y RURALES,
23000,.,89000,.,69000,69000,23,17,0.006,.,9,1180,15,294000,SOPORTE PREDIAL,225000,225000,3,.,225000,225000,0,2016201011608497408,63843000,225000,5090643,202000,15/04/2016,01/07/2016,.,0,9298728,.,0,141585204,25/01/2016 11:51:33 a.m.,09/04/2015,44.36,.,1,0,0,1,.,.,248000,225000,.,23000,23000,225000,225000,.,61-RESIDENCIALES URBANOS Y RURALES,
11000,.,0,.,0,0,2,76,0.008,.,9,1180,99,114000,SOPORTE PREDIAL,114000,114000,4,.,114000,114000,0,2016201011621075456,14214000,114000,2120190,103000,15/04/2016,01/07/2016,.,0,9783238,.,0,142890892,25/01/2016 07:31:38 p.m.,01/04/2015,10.84,.,1,0,0,1,.,.,125000,114000,.,11000,11000,114000,114000,.,65-DEPOSITOS Y PARQUEADEROS,
2000,.,0,.,0,0,72,00,0.004,.,3,1180,22,17000,,17000,17000,0,.,17000,17000,0,2016201011600214784,4147000,17000,2974800,15000,15/04/2016,01/07/2016,.,0,9342799,.,0,140675845,26/01/2016 02:33:08 a.m.,,0,.,1,0,0,1,.,.,19000,17000,.,2000,2000,17000,17000,.,70-NO URBANIZABLES,
7000,0,.,31/12/2016,9000,9000,,0.002,156000,9,1180,8,78000,,69000,69000,2,156000,69000,69000,.,2016201021604547072,39097000,69000,1573980,62000,15/04/2016,01/07/2016,0,0,8219,156000,0,141169150,26/01/2016 02:10:03 a.m.,,.,78000,1,0,0,2,78000,164000,76000,69000,8000,7000,7000,69000,69000,.,0,
0,0,.,31/12/2016,0,0,,0,0,2,1180,14,0,,0,0,1,0,0,0,.,2016201021611814656,7322000,0,3041849,0,15/04/2016,01/07/2016,0,0,8663289,0,800,141933931,25/01/2016 05:09:57 p.m.,,.,0,1,0,0,2,0,0,0,0,0,0,0,0,0,.,0,
0,.,.,.,0,0,34,50,0.002,.,9,1180,2,0,,0,0,2,.,0,0,100,2016201011611135232,61303000,0,6471072,0,15/04/2016,01/07/2016,.,0,7586280,.,830,141862620,25/01/2016 11:01:02 p.m.,,54.77,.,1,0,0,1,.,.,0,0,.,0,0,0,0,.,61-RESIDENCIALES URBANOS Y RURALES,
11000,.,0,.,0,0,2,47,0.008,.,3,1180,96,111000,SOPORTE PREDIAL,111000,111000,4,.,111000,111000,0,2016201011609040128,13889000,111000,15488277,100000,15/04/2016,01/07/2016,.,0,9865696,.,0,141649430,26/01/2016 04:53:17 a.m.,19/06/2015,11.03,.,1,0,0,1,.,.,122000,111000,.,11000,11000,111000,111000,.,65-DEPOSITOS Y PARQUEADEROS,
53000,.,0,.,0,0,86,38,0.008,.,9,1180,91,529000,SOPORTE PREDIAL,529000,529000,0,.,529000,529000,0,2016201011620571904,66100000,529000,7419079,476000,15/04/2016,01/07/2016,.,0,7861760,.,0,142840488,25/01/2016 11:54:20 p.m.,19/06/2014,22.62,.,1,0,0,1,.,.,582000,529000,.,53000,53000,529000,529000,.,62-COMERCIALES URBANOS Y RURALES,
322000,.,119000,.,0,0,54,08,0.0095,.,9,1180,45,3218000,SOPORTE PREDIAL,3218000,3218000,0,.,3218000,3218000,0,2016201011606394368,351215000,3218000,459394,2896000,15/04/2016,01/07/2016,.,0,8974627,.,0,141370381,25/01/2016 09:13:01 p.m.,07/04/2015,34,.,1,0,0,1,.,.,3540000,3218000,.,322000,322000,3218000,3218000,.,62-COMERCIALES URBANOS Y RURALES,
23000,.,0,.,3000,3000,6,91,0.008,.,9,1180,32,232000,SOPORTE PREDIAL,229000,229000,5,.,229000,229000,0,2016201011623821056,29014000,229000,1204086,206000,15/04/2016,01/07/2016,.,0,8983153,.,0,143190585,26/01/2016 03:01:06 a.m.,16/03/2015,23.1,.,1,0,0,1,.,.,252000,229000,.,23000,23000,229000,229000,.,65-DEPOSITOS Y PARQUEADEROS,
16000,.,89000,.,220000,220000,72,08,0.006,.,9,1180,95,379000,SOPORTE PREDIAL,159000,159000,2,.,159000,159000,0,2016201011600247808,77937000,159000,305529,143000,15/04/2016,01/07/2016,.,0,9798376,.,0,140679132,26/01/2016 12:21:58 a.m.,26/03/2015,135.13,.,1,0,0,1,.,.,175000,159000,.,16000,16000,159000,159000,.,61-RESIDENCIALES URBANOS Y RURALES,
16000,.,89000,.,473000,473000,78,00,0.006,.,9,1180,112,631000,SOPORTE PREDIAL,158000,158000,2,.,158000,158000,0,2016201011615679488,120016000,158000,1201188,142000,15/04/2016,01/07/2016,.,0,1354511,.,0,142324700,25/01/2016 10:36:36 p.m.,26/03/2015,217.35,.,1,0,0,1,.,.,174000,158000,.,16000,16000,158000,158000,.,61-RESIDENCIALES URBANOS Y RURALES,
82000,.,149000,.,0,0,27,90,0.0075,.,9,1180,15,819000,SOPORTE PREDIAL,819000,819000,4,.,819000,819000,0,2016201011607072768,129069000,819000,6785123,737000,15/04/2016,01/07/2016,.,0,8782275,.,0,141439776,26/01/2016 02:53:10 a.m.,16/01/2015,58.7,.,1,0,0,1,.,.,901000,819000,.,82000,82000,819000,819000,.,61-RESIDENCIALES URBANOS Y RURALES,
129000,.,149000,.,0,0,54,09,0.0075,.,9,1180,92,1285000,SOPORTE PREDIAL,1285000,1285000,4,.,1285000,1285000,0,2016201011603243264,191179000,1285000,6999486,1156000,15/04/2016,01/07/2016,.,0,9559718,.,0,141037355,25/01/2016 01:11:36 p.m.,24/03/2015,81.49,.,1,0,0,1,.,.,1414000,1285000,.,129000,129000,1285000,1285000,.,61-RESIDENCIALES URBANOS Y RURALES,
15000,.,89000,.,123000,123000,103,40,0.006,.,3,1180,7,274000,,151000,151000,2,.,151000,151000,0,2016201011613438208,75857000,151000,.,136000,15/04/2016,01/07/2016,.,0,8526370,.,0,142099104,25/01/2016 01:56:18 p.m.,,184.5,.,1,0,0,1,.,.,166000,151000,.,15000,15000,151000,151000,.,61-RESIDENCIALES URBANOS Y RURALES,
2000,.,0,.,14000,14000,556,13,0.004,.,2,1180,80,34000,SOPORTE PREDIAL,20000,20000,0,.,20000,20000,0,2016201011622052096,37994000,20000,508876,18000,15/04/2016,01/07/2016,.,0,7854065,.,800,142993107,25/01/2016 04:37:45 p.m.,19/06/2015,0,.,1,0,0,1,.,.,22000,20000,.,2000,2000,20000,20000,.,70-NO URBANIZABLES,
430000,.,0,.,0,0,78,80,0.005,.,9,1180,104,4300000,SOPORTE PREDIAL,4300000,4300000,0,.,4300000,4300000,0,2016201011606010368,859959000,4300000,508855,3870000,15/04/2016,01/07/2016,.,0,9236031,.,0,141328170,26/01/2016 07:31:33 a.m.,10/04/2015,500.9,.,1,0,0,1,.,.,4730000,4300000,.,430000,430000,4300000,4300000,.,66-DOTACIONALES,
800000,.,119000,.,0,0,12,70,0.0095,.,3,1180,18,8001000,SOPORTE PREDIAL,8001000,8001000,0,.,8001000,8001000,0,2016201011616435968,854783000,8001000,1347154,7201000,15/04/2016,01/07/2016,.,0,2833185,.,0,142401584,25/01/2016 12:00:01 p.m.,31/03/2015,121.1,.,1,0,0,1,.,.,8801000,8001000,.,800000,800000,8001000,8001000,.,62-COMERCIALES URBANOS Y RURALES,
27000,.,0,.,182000,182000,35,90,0.008,.,9,1180,26,452000,SOPORTE PREDIAL,270000,270000,2,.,270000,270000,0,2016201011616923904,56532000,270000,3079262,243000,15/04/2016,01/07/2016,.,0,8606349,.,0,142451268,26/01/2016 03:39:46 a.m.,09/04/2015,72,.,1,0,0,1,.,.,297000,270000,.,27000,27000,270000,270000,.,62-COMERCIALES URBANOS Y RURALES,
6000,.,0,.,0,0,3,67,0.008,.,9,1180,91,61000,SOPORTE ICA,61000,61000,3,.,61000,61000,0,2016201011600188160,7675000,61000,6631373,55000,15/04/2016,01/07/2016,.,0,9992289,.,0,140673184,26/01/2016 01:46:07 a.m.,19/01/2016,10.61,.,1,0,0,1,.,.,67000,61000,.,6000,6000,61000,61000,.,65-DEPOSITOS Y PARQUEADEROS,
0,.,.,.,0,0,30,52,0.002,.,9,1180,103,0,,0,0,2,.,0,0,100,2016201011619355648,38867000,0,6472643,0,15/04/2016,01/07/2016,.,0,9532129,.,830,142713758,26/01/2016 06:29:19 a.m.,,31.77,.,1,0,0,1,.,.,0,0,.,0,0,0,0,.,61-RESIDENCIALES URBANOS Y RURALES,
0,.,.,.,0,0,39,81,0.002,.,9,1180,61,0,,0,0,2,.,0,0,100,2016201011624009216,72885000,0,3088549,0,15/04/2016,01/07/2016,.,0,9300209,.,830,143209441,25/01/2016 11:04:23 p.m.,,72.75,.,1,0,0,1,.,.,0,0,.,0,0,0,0,.,61-RESIDENCIALES URBANOS Y RURALES,
28000,.,89000,.,110000,110000,35,90,0.006,.,9,1180,34,389000,,279000,279000,3,.,279000,279000,0,2016201011602100480,79651000,279000,.,251000,15/04/2016,01/07/2016,.,0,1381629,.,0,140907898,25/01/2016 04:39:00 p.m.,,52.1,.,1,0,0,1,.,.,307000,279000,.,28000,28000,279000,279000,.,61-RESIDENCIALES URBANOS Y RURALES,
3000,0,.,31/12/2016,12000,12000,,0.002,88000,9,1180,34,44000,,32000,32000,1,88000,32000,32000,.,2016201021609713664,21888000,32000,1584945,29000,15/04/2016,01/07/2016,0,0,7013271,88000,0,141720194,25/01/2016 08:18:38 p.m.,,.,44000,1,0,0,2,44000,92000,35000,32000,4000,3000,3000,32000,32000,.,0,
97000,.,119000,.,0,0,2,00,0.0095,.,9,1180,36,965000,SOPORTE PREDIAL,965000,965000,0,.,965000,965000,0,2016201011617043456,114055000,965000,2733445,868000,15/04/2016,01/07/2016,.,0,2267044,.,0,142463293,25/01/2016 08:10:32 p.m.,09/04/2015,7,.,1,0,0,1,.,.,1062000,965000,.,97000,97000,965000,965000,.,62-COMERCIALES URBANOS Y RURALES,
15000,.,89000,.,119000,119000,128,00,0.006,.,9,1180,6,264000,DIRECCION OFICIAL,145000,145000,2,.,145000,145000,0,2016201011615610880,100318000,145000,7000902,130000,15/04/2016,01/07/2016,.,0,8641425,.,0,142317749,25/01/2016 03:07:23 p.m.,,260.51,.,1,0,0,1,.,.,160000,145000,.,15000,15000,145000,145000,.,61-RESIDENCIALES URBANOS Y RURALES,
20000,.,0,.,0,0,7,77,0.008,.,3,1180,13,197000,SOPORTE PREDIAL,197000,197000,0,.,197000,197000,0,2016201011622298112,24563000,197000,1984860,177000,15/04/2016,01/07/2016,.,0,8885450,.,0,143023882,26/01/2016 03:07:15 a.m.,19/06/2015,9.7,.,1,0,0,1,.,.,217000,197000,.,20000,20000,197000,197000,.,62-COMERCIALES URBANOS Y RURALES,
7000,0,.,31/12/2016,27000,27000,,0.002,194000,9,1180,28,97000,,70000,70000,2,194000,70000,70000,.,2016201021615832576,48562000,70000,2679100,63000,15/04/2016,01/07/2016,0,0,2177840,194000,0,142340189,26/01/2016 12:07:10 a.m.,,.,97000,1,0,0,2,97000,204000,77000,70000,10000,7000,7000,70000,70000,.,0,
58000,.,89000,.,116000,116000,90,00,0.006,.,3,1180,22,692000,SOPORTE PREDIAL,576000,576000,2,.,576000,576000,0,2016201011607905280,130185000,576000,1269006,518000,15/04/2016,01/07/2016,.,0,9135085,.,0,141523104,26/01/2016 02:27:26 a.m.,26/03/2015,192.21,.,1,0,0,1,.,.,634000,576000,.,58000,58000,576000,576000,.,61-RESIDENCIALES URBANOS Y RURALES,
6000,.,0,.,48000,48000,1,50,0.008,.,9,1180,114,108000,SOPORTE PREDIAL,60000,60000,4,.,60000,60000,0,2016201011608683008,13510000,60000,2828398,54000,15/04/2016,01/07/2016,.,0,2391638,.,0,141608983,26/01/2016 01:15:06 a.m.,31/03/2015,10.2,.,1,0,0,1,.,.,66000,60000,.,6000,6000,60000,60000,.,65-DEPOSITOS Y PARQUEADEROS,
1516000,.,0,.,0,0,2807,00,0.005,.,2,1180,101,15158000,SOPORTE PREDIAL,15158000,15158000,0,.,15158000,15158000,0,2016201011607416064,3031560000,15158000,508876,13642000,15/04/2016,01/07/2016,.,0,9569266,.,800,141474170,25/01/2016 07:22:06 p.m.,19/06/2015,0,.,1,0,0,1,.,.,16674000,15158000,.,1516000,1516000,15158000,15158000,.,66-DOTACIONALES,
255000,.,0,.,0,0,123,70,0.0065,.,9,1180,19,2545000,DIRECCION OFICIAL,2545000,2545000,0,.,2545000,2545000,0,2016201011619238144,391504000,2545000,195891,2290000,15/04/2016,01/07/2016,.,0,1245337,.,0,142699265,26/01/2016 03:28:22 a.m.,,443.7,.,1,0,0,1,.,.,2800000,2545000,.,255000,255000,2545000,2545000,.,66-DOTACIONALES,
4000,0,.,31/12/2016,14000,14000,,0.002,116000,9,1180,35,58000,,44000,44000,2,116000,44000,44000,.,2016201021613981696,29016000,44000,7073849,40000,15/04/2016,01/07/2016,0,0,2792038,116000,0,142153554,26/01/2016 05:24:10 a.m.,,.,58000,1,0,0,2,58000,122000,48000,44000,6000,4000,4000,44000,44000,.,0,
10000,0,.,31/12/2016,38000,38000,,0.002,270000,9,1180,72,135000,,97000,97000,2,270000,97000,97000,.,2016201021606119936,67270000,97000,4724716,87000,15/04/2016,01/07/2016,0,0,8849637,270000,0,141340703,25/01/2016 11:57:54 p.m.,,.,135000,1,0,0,2,135000,284000,107000,97000,14000,10000,10000,97000,97000,.,0,
4000,.,0,.,42000,42000,9,34,0.008,.,9,1180,76,84000,SOPORTE PREDIAL,42000,42000,0,.,42000,42000,0,2016201011622482688,10526000,42000,6934690,38000,15/04/2016,01/07/2016,.,0,9554305,.,0,143045210,26/01/2016 05:22:30 a.m.,10/04/2015,11.28,.,1,0,0,1,.,.,46000,42000,.,4000,4000,42000,42000,.,65-DEPOSITOS Y PARQUEADEROS,
168000,.,89000,.,0,0,192,60,0.006,.,9,1180,37,1683000,,1683000,1683000,3,.,1683000,1683000,0,2016201011615477504,295390000,1683000,.,1515000,15/04/2016,01/07/2016,.,0,1351424,.,0,142304219,26/01/2016 03:45:38 a.m.,,288.7,.,1,0,0,1,.,.,1851000,1683000,.,168000,168000,1683000,1683000,.,61-RESIDENCIALES URBANOS Y RURALES,
42000,.,0,.,0,0,12,31,0.008,.,3,1180,67,415000,SOPORTE PREDIAL,415000,415000,0,.,415000,415000,0,2016201011605660928,51836000,415000,2889674,373000,15/04/2016,01/07/2016,.,0,9456570,.,0,141288932,25/01/2016 05:33:17 p.m.,30/03/2015,17.31,.,1,0,0,1,.,.,457000,415000,.,42000,42000,415000,415000,.,62-COMERCIALES URBANOS Y RURALES,
17000,.,0,.,0,0,10,59,0.008,.,3,1180,51,168000,,168000,168000,5,.,168000,168000,0,2016201011610775808,21025000,168000,.,151000,15/04/2016,01/07/2016,.,0,1601563,.,0,141826648,26/01/2016 03:28:36 a.m.,,14.6,.,1,0,0,1,.,.,185000,168000,.,17000,17000,168000,168000,.,65-DEPOSITOS Y PARQUEADEROS,
40000,.,89000,.,56000,56000,90,00,0.006,.,9,1180,69,455000,SOPORTE PREDIAL,399000,399000,2,.,399000,399000,0,2016201011604811776,90744000,399000,4685081,359000,15/04/2016,01/07/2016,.,0,5065180,.,0,141195642,25/01/2016 04:20:16 p.m.,26/02/2015,151,.,1,0,0,1,.,.,439000,399000,.,40000,40000,399000,399000,.,61-RESIDENCIALES URBANOS Y RURALES,
16000,.,89000,.,296000,296000,66,00,0.006,.,9,1180,100,454000,SOPORTE PREDIAL,158000,158000,2,.,158000,158000,0,2016201011612188928,90465000,158000,954722,142000,15/04/2016,01/07/2016,.,0,580826,.,0,141972478,26/01/2016 06:55:12 a.m.,18/03/2015,195.5,.,1,0,0,1,.,.,174000,158000,.,16000,16000,158000,158000,.,61-RESIDENCIALES URBANOS Y RURALES,
12000,.,0,.,8000,8000,6,69,0.008,.,3,1180,114,126000,,118000,118000,4,.,118000,118000,0,2016201011604342016,15810000,118000,4751273,106000,15/04/2016,01/07/2016,.,0,9012206,.,0,141148644,26/01/2016 06:48:46 a.m.,,12,.,1,0,0,1,.,.,130000,118000,.,12000,12000,118000,118000,.,65-DEPOSITOS Y PARQUEADEROS,
119000,.,119000,.,0,0,96,40,0.0095,.,9,1180,95,1187000,SOPORTE PREDIAL,1187000,1187000,0,.,1187000,1187000,0,2016201011604396032,137434000,1187000,708718,1068000,15/04/2016,01/07/2016,.,0,9650617,.,0,141154033,26/01/2016 05:09:35 a.m.,10/04/2015,96.4,.,1,0,0,1,.,.,1306000,1187000,.,119000,119000,1187000,1187000,.,62-COMERCIALES URBANOS Y RURALES,
154000,.,149000,.,0,0,14,90,0.0075,.,9,1180,90,1538000,SOPORTE PREDIAL,1538000,1538000,4,.,1538000,1538000,0,2016201011607852544,224878000,1538000,6993430,1384000,15/04/2016,01/07/2016,.,0,9767990,.,0,141517840,26/01/2016 05:43:15 a.m.,09/04/2015,69.31,.,1,0,0,1,.,.,1692000,1538000,.,154000,154000,1538000,1538000,.,61-RESIDENCIALES URBANOS Y RURALES,
31000,.,89000,.,125000,125000,44,80,0.006,.,9,1180,19,436000,SOPORTE PREDIAL,311000,311000,3,.,311000,311000,0,2016201011617893120,87438000,311000,1529461,280000,15/04/2016,01/07/2016,.,0,8716364,.,0,142548335,25/01/2016 04:47:44 p.m.,19/06/2015,51.5,.,1,0,0,1,.,.,342000,311000,.,31000,31000,311000,311000,.,61-RESIDENCIALES URBANOS Y RURALES,
27000,.,0,.,0,0,5,78,0.008,.,3,1180,110,273000,SOPORTE ICA,273000,273000,6,.,273000,273000,0,2016201011600452608,34101000,273000,396196,246000,15/04/2016,01/07/2016,.,0,9843126,.,0,140699644,25/01/2016 07:04:15 p.m.,25/01/2016,23.52,.,1,0,0,1,.,.,300000,273000,.,27000,27000,273000,273000,.,65-DEPOSITOS Y PARQUEADEROS,
130000,.,0,.,0,0,0,00,0.0065,.,2,1180,57,1303000,SOPORTE PREDIAL,1303000,1303000,0,.,1303000,1303000,0,2016201011616822784,200453000,1303000,392928,1173000,15/04/2016,01/07/2016,.,0,8542576,.,800,142441074,26/01/2016 07:35:44 a.m.,19/05/2015,352.6,.,1,0,0,1,.,.,1433000,1303000,.,130000,130000,1303000,1303000,.,66-DOTACIONALES,
6000,.,0,.,3000,3000,0,78,0.008,.,9,1180,13,59000,SOPORTE PREDIAL,56000,56000,3,.,56000,56000,0,2016201011604834304,7425000,56000,4671373,50000,15/04/2016,01/07/2016,.,0,8698547,.,0,141197912,25/01/2016 09:06:11 p.m.,06/04/2015,10.1,.,1,0,0,1,.,.,62000,56000,.,6000,6000,56000,56000,.,65-DEPOSITOS Y PARQUEADEROS,
11000,.,0,.,0,0,2,37,0.008,.,3,1180,108,112000,,112000,112000,4,.,112000,112000,0,2016201011620674048,13995000,112000,7698146,101000,15/04/2016,01/07/2016,.,0,9969360,.,0,142850749,25/01/2016 08:25:55 p.m.,,9.9,.,1,0,0,1,.,.,123000,112000,.,11000,11000,112000,112000,.,65-DEPOSITOS Y PARQUEADEROS,
6000,.,0,.,46000,46000,7,42,0.008,.,3,1180,45,103000,,57000,57000,4,.,57000,57000,0,2016201011623744512,12923000,57000,.,51000,15/04/2016,01/07/2016,.,0,9108212,.,0,143182910,25/01/2016 05:35:07 p.m.,,10.1,.,1,0,0,1,.,.,63000,57000,.,6000,6000,57000,57000,.,65-DEPOSITOS Y PARQUEADEROS,
3000,0,.,31/12/2016,0,0,,0.002,56000,9,1180,48,28000,944,28000,28000,1,56000,28000,28000,.,2016201021605904640,13997000,28000,1730806,25000,15/04/2016,01/07/2016,0,0,7015110,56000,0,141316001,25/01/2016 09:12:06 p.m.,,.,28000,1,0,0,2,28000,59000,31000,28000,3000,3000,3000,28000,28000,.,0,
44000,.,89000,.,240000,240000,44,94,0.006,.,3,1180,56,684000,SOPORTE PREDIAL,444000,444000,3,.,444000,444000,0,2016201011603192576,128899000,444000,1401958,400000,15/04/2016,01/07/2016,.,0,2423998,.,0,141032065,25/01/2016 08:19:36 p.m.,09/04/2015,60.7,.,1,0,0,1,.,.,488000,444000,.,44000,44000,444000,444000,.,61-RESIDENCIALES URBANOS Y RURALES,
4000,.,0,.,5000,5000,8,10,0.008,.,9,1180,81,47000,SOPORTE PREDIAL,42000,42000,3,.,42000,42000,0,2016201011600240896,5861000,42000,1907576,38000,15/04/2016,01/07/2016,.,0,1501658,.,0,140678454,25/01/2016 09:07:51 p.m.,08/01/2016,11,.,1,0,0,1,.,.,46000,42000,.,4000,4000,42000,42000,.,65-DEPOSITOS Y PARQUEADEROS,
172000,.,149000,.,0,0,101,78,0.0075,.,3,1180,100,1718000,SOPORTE PREDIAL,1718000,1718000,4,.,1718000,1718000,0,2016201011614552320,248891000,1718000,925088,1546000,15/04/2016,01/07/2016,.,0,8872319,.,0,142210677,25/01/2016 08:54:31 p.m.,01/04/2015,113,.,1,0,0,1,.,.,1890000,1718000,.,172000,172000,1718000,1718000,.,61-RESIDENCIALES URBANOS Y RURALES,
6000,.,0,.,0,0,3,20,0.008,.,9,1180,30,63000,SOPORTE PREDIAL,63000,63000,3,.,63000,63000,0,2016201011611686656,7884000,63000,3406474,57000,15/04/2016,01/07/2016,.,0,9255456,.,0,141920425,26/01/2016 02:51:13 a.m.,10/04/2015,9.9,.,1,0,0,1,.,.,69000,63000,.,6000,6000,63000,63000,.,65-DEPOSITOS Y PARQUEADEROS,
43000,.,89000,.,0,0,38,50,0.006,.,9,1180,91,434000,DIRECCION OFICIAL,434000,434000,3,.,434000,434000,0,2016201011600853248,87165000,434000,6497418,391000,15/04/2016,01/07/2016,.,0,1571349,.,0,140778235,25/01/2016 06:18:52 p.m.,,186.86,.,1,0,0,1,.,.,477000,434000,.,43000,43000,434000,434000,.,61-RESIDENCIALES URBANOS Y RURALES,
10000,.,0,.,15000,15000,2,85,0.008,.,9,1180,57,113000,SOPORTE PREDIAL,98000,98000,4,.,98000,98000,0,2016201011602920960,14083000,98000,4710919,88000,15/04/2016,01/07/2016,.,0,9595048,.,0,141002501,26/01/2016 04:38:58 a.m.,18/03/2015,10.35,.,1,0,0,1,.,.,108000,98000,.,10000,10000,98000,98000,.,65-DEPOSITOS Y PARQUEADEROS,
651000,.,625000,.,0,0,112,77,0.0095,.,3,1180,82,6506000,SOPORTE PREDIAL,6506000,6506000,5,.,6506000,6506000,0,2016201011619575040,750622000,6506000,7039236,5855000,15/04/2016,01/07/2016,.,0,9490498,.,0,142738548,26/01/2016 02:17:40 a.m.,10/04/2015,182.13,.,1,0,0,1,.,.,7157000,6506000,.,651000,651000,6506000,6506000,.,61-RESIDENCIALES URBANOS Y RURALES,
13000,.,89000,.,387000,387000,72,00,0.006,.,9,1180,19,512000,SOPORTE PREDIAL,125000,125000,2,.,125000,125000,0,2016201011619388160,100103000,125000,1261335,112000,15/04/2016,01/07/2016,.,0,789609,.,0,142717621,26/01/2016 01:43:44 a.m.,10/04/2015,217.23,.,1,0,0,1,.,.,138000,125000,.,13000,13000,125000,125000,.,61-RESIDENCIALES URBANOS Y RURALES,
57000,.,89000,.,98000,98000,27,90,0.006,.,9,1180,63,670000,SOPORTE PREDIAL,572000,572000,3,.,572000,572000,0,2016201011615676160,126485000,572000,5901171,515000,15/04/2016,01/07/2016,.,0,1261489,.,0,142324357,25/01/2016 07:16:40 p.m.,30/03/2015,74.2,.,1,0,0,1,.,.,629000,572000,.,57000,57000,572000,572000,.,61-RESIDENCIALES URBANOS Y RURALES,
6000,.,0,.,0,0,2,26,0.008,.,3,1180,107,60000,RIT ICA,60000,60000,3,.,60000,60000,0,2016201011620375040,7541000,60000,7759161,54000,15/04/2016,01/07/2016,.,0,9948941,.,0,142820726,26/01/2016 07:40:21 a.m.,20/11/2015 10:58:14 p.m.,10.35,.,1,0,0,1,.,.,66000,60000,.,6000,6000,60000,60000,.,65-DEPOSITOS Y PARQUEADEROS,
6894000,.,119000,.,0,0,494,82,0.0095,.,3,1180,73,68935000,SOPORTE PREDIAL,68935000,68935000,0,.,68935000,68935000,0,2016201011617846528,7268842000,68935000,4465258,62041000,15/04/2016,01/07/2016,.,0,9603287,.,0,142543674,26/01/2016 05:30:22 a.m.,30/03/2015,2602.55,.,1,0,0,1,.,.,75829000,68935000,.,6894000,6894000,68935000,68935000,.,62-COMERCIALES URBANOS Y RURALES,
4000,.,0,.,0,0,5,91,0.008,.,3,1180,109,43000,SOPORTE PREDIAL,43000,43000,2,.,43000,43000,0,2016201011606599680,5327000,43000,6492552,39000,15/04/2016,01/07/2016,.,0,8040719,.,0,141391555,25/01/2016 08:19:06 p.m.,24/03/2015,12.03,.,1,0,0,1,.,.,47000,43000,.,4000,4000,43000,43000,.,65-DEPOSITOS Y PARQUEADEROS,
135000,.,89000,.,54000,54000,164,20,0.006,.,9,1180,75,1402000,SOPORTE PREDIAL,1348000,1348000,3,.,1348000,1348000,0,2016201011616993280,248423000,1348000,3685228,1213000,15/04/2016,01/07/2016,.,0,8780416,.,0,142458256,26/01/2016 08:15:15 a.m.,21/05/2015,72.8,.,1,0,0,1,.,.,1483000,1348000,.,135000,135000,1348000,1348000,.,61-RESIDENCIALES URBANOS Y RURALES,
19000,.,0,.,4000,4000,3,87,0.008,.,9,1180,107,192000,SOPORTE PREDIAL,188000,188000,6,.,188000,188000,0,2016201011609975296,24052000,188000,1220409,169000,15/04/2016,01/07/2016,.,0,9426935,.,0,141746511,26/01/2016 01:07:50 a.m.,08/04/2015,11.52,.,1,0,0,1,.,.,207000,188000,.,19000,19000,188000,188000,.,65-DEPOSITOS Y PARQUEADEROS,
539000,.,625000,.,0,0,51,31,0.0095,.,9,1180,12,5392000,SOPORTE PREDIAL,5392000,5392000,6,.,5392000,5392000,0,2016201011615049728,633319000,5392000,6948001,4853000,15/04/2016,01/07/2016,.,0,1449949,.,0,142260852,25/01/2016 05:43:52 p.m.,06/04/2015,172.7,.,1,0,0,1,.,.,5931000,5392000,.,539000,539000,5392000,5392000,.,61-RESIDENCIALES URBANOS Y RURALES,
92000,.,0,.,0,0,15,76,0.007,.,3,1180,114,922000,SOPORTE PREDIAL,922000,922000,6,.,922000,922000,0,2016201011622409472,131736000,922000,353101,830000,15/04/2016,01/07/2016,.,0,2888342,.,0,143036872,25/01/2016 11:58:59 p.m.,19/06/2015,32.4,.,1,0,0,1,.,.,1014000,922000,.,92000,92000,922000,922000,.,61-RESIDENCIALES URBANOS Y RURALES,
347000,.,625000,.,0,0,43,70,0.0095,.,3,1180,84,3472000,SOPORTE ICA,3472000,3472000,5,.,3472000,3472000,0,2016201011618136832,431266000,3472000,395846,3125000,15/04/2016,01/07/2016,.,0,9853912,.,0,142572852,25/01/2016 09:41:32 p.m.,28/01/2016,134.72,.,1,0,0,1,.,.,3819000,3472000,.,347000,347000,3472000,3472000,.,61-RESIDENCIALES URBANOS Y RURALES,
346000,.,625000,.,0,0,43,29,0.0095,.,9,1180,119,3459000,SOPORTE PREDIAL,3459000,3459000,6,.,3459000,3459000,0,2016201011605292288,429910000,3459000,1250001,3113000,15/04/2016,01/07/2016,.,0,1750843,.,0,141245997,25/01/2016 05:14:04 p.m.,08/05/2015,130.8,.,1,0,0,1,.,.,3805000,3459000,.,346000,346000,3459000,3459000,.,61-RESIDENCIALES URBANOS Y RURALES,
246000,.,625000,.,0,0,44,40,0.0095,.,9,1180,99,2462000,SOPORTE PREDIAL,2462000,2462000,5,.,2462000,2462000,0,2016201011609728256,324926000,2462000,1083606,2216000,15/04/2016,01/07/2016,.,0,705748,.,0,141721654,26/01/2016 06:14:08 a.m.,08/04/2015,115.2,.,1,0,0,1,.,.,2708000,2462000,.,246000,246000,2462000,2462000,.,61-RESIDENCIALES URBANOS Y RURALES,
184000,.,119000,.,0,0,134,70,0.0095,.,9,1180,56,1837000,SOPORTE PREDIAL,1837000,1837000,0,.,1837000,1837000,0,2016201011609095680,205879000,1837000,23076,1653000,15/04/2016,01/07/2016,.,0,1426943,.,0,141655832,25/01/2016 02:21:32 p.m.,18/03/2015,268,.,1,0,0,1,.,.,2021000,1837000,.,184000,184000,1837000,1837000,.,62-COMERCIALES URBANOS Y RURALES,
85000,.,89000,.,121000,121000,122,00,0.006,.,9,1180,51,968000,SOPORTE PREDIAL,847000,847000,3,.,847000,847000,0,2016201011608162048,176182000,847000,996470,762000,15/04/2016,01/07/2016,.,0,1901358,.,0,141548935,26/01/2016 05:18:08 a.m.,26/03/2015,108.8,.,1,0,0,1,.,.,932000,847000,.,85000,85000,847000,847000,.,61-RESIDENCIALES URBANOS Y RURALES,
63000,.,149000,.,0,0,21,58,0.0075,.,9,1180,114,632000,SOPORTE PREDIAL,632000,632000,4,.,632000,632000,0,2016201011618523136,104126000,632000,3277017,569000,15/04/2016,01/07/2016,.,0,9675010,.,0,142614753,25/01/2016 09:12:44 p.m.,02/07/2015,46.3,.,1,0,0,1,.,.,695000,632000,.,63000,63000,632000,632000,.,61-RESIDENCIALES URBANOS Y RURALES,
14000,.,89000,.,59000,59000,8,70,0.006,.,9,1180,87,203000,SOPORTE PREDIAL,144000,144000,3,.,144000,144000,0,2016201011606763264,48693000,144000,4674927,130000,15/04/2016,01/07/2016,.,0,1581236,.,0,141408395,25/01/2016 07:13:04 p.m.,25/03/2015,30.1,.,1,0,0,1,.,.,158000,144000,.,14000,14000,144000,144000,.,61-RESIDENCIALES URBANOS Y RURALES,
